Open ,High ,Low ,Close 
653.15,668.85,632.9,668.85
668.85,689.0,663.0,665.4
665.4,683.45,660.8,668.65
668.65,671.15,638.15,650.05
649.85,658.5,633.0,639.7
639.1,646.8,609.15,626.0
626.0,640.0,616.0,636.8
636.8,638.0,613.0,623.95
623.95,628.75,620.0,624.0
624.0,635.6,605.0,633.05
633.05,648.5,629.75,648.5
648.5,664.0,648.5,650.0
650.0,653.85,640.0,650.0
650.0,656.1,642.5,654.0
654.0,654.0,631.55,631.55
631.55,650.0,624.75,649.25
649.25,650.0,639.25,642.0
642.0,644.9,628.8,631.5
631.5,636.65,623.2,635.0
635.0,635.0,596.5,602.9
602.9,635.0,600.0,631.95
631.95,631.95,606.0,611.1
611.1,611.1,597.0,604.0
604.0,604.0,574.6,579.8
579.8,596.0,578.85,594.0
,,,
,,,
,,,
,,,
,,,
,,,
,,,
,,,
,,,
,,,
,,,
,,,
,,,
,,,
,,,
,,,
,,,
,,,
,,,
,,,
,,,
,,,
,,,
,,,
,,,
,,,
,,,
,,,
,,,
,,,
,,,
,,,
,,,
,,,
,,,
,,,
,,,
,,,
,,,
,,,
,,,
,,,
,,,
,,,
,,,
,,,
,,,
,,,
,,,
,,,
,,,
,,,
,,,
,,,
,,,
,,,
,,,
,,,
,,,
,,,
,,,
,,,
,,,
,,,
,,,
,,,
,,,
,,,
,,,
,,,
,,,
,,,
,,,
,,,
,,,
,,,
,,,
,,,
,,,
,,,
,,,
,,,
,,,
,,,
,,,
,,,
,,,
,,,
,,,
,,,
,,,
,,,
,,,
,,,
,,,
,,,
,,,
,,,
,,,
,,,
,,,
,,,
,,,
,,,
,,,
,,,
,,,
,,,
,,,
,,,
,,,
,,,
,,,
,,,
,,,
,,,
,,,
,,,
,,,
,,,
,,,
,,,
,,,
,,,
,,,
,,,
,,,
,,,
,,,
,,,
,,,
,,,
,,,
,,,
,,,
,,,
,,,
,,,
,,,
,,,
,,,
,,,
,,,
,,,
,,,
,,,
,,,
,,,
,,,
,,,
,,,
,,,
,,,
,,,
,,,
,,,
,,,
,,,
,,,
,,,
,,,
,,,
,,,
,,,
,,,
,,,
,,,
,,,
,,,
,,,
,,,
,,,
,,,
,,,
,,,
,,,
,,,
,,,
,,,
,,,
,,,
,,,
,,,
,,,
,,,
,,,
,,,
,,,
,,,
,,,
,,,
,,,
,,,
,,,
,,,
,,,
,,,
,,,
,,,
,,,
,,,
,,,
,,,
,,,
,,,
,,,
,,,
,,,
,,,
,,,
,,,
,,,
,,,
,,,
,,,
,,,
,,,
,,,
,,,
,,,
,,,
,,,
,,,
,,,
,,,
,,,
,,,
,,,
,,,
,,,
,,,
,,,
,,,
,,,
,,,
,,,
,,,
,,,
,,,
,,,
,,,
,,,
,,,
,,,
,,,
,,,
,,,
,,,
,,,
,,,
,,,
,,,
,,,
,,,
,,,
,,,
,,,
,,,
,,,
,,,
,,,
,,,
,,,
465.0,465.0,400.0,411.35
411.35,411.35,376.0,395.15
395.15,396.45,376.0,376.8
376.8,385.0,370.05,381.0
381.0,389.25,373.6,373.6
373.6,391.75,373.55,380.2
380.2,381.45,366.0,366.15
366.15,377.95,364.0,377.95
377.95,379.0,361.4,368.45
368.45,373.25,357.1,360.65
360.55,367.4,354.4,364.0
364.0,365.0,349.85,353.0
353.0,358.25,342.2,355.65
355.65,364.3,350.0,361.5
361.5,363.0,345.0,350.7
350.7,355.45,345.15,345.95
345.95,358.5,345.35,351.0
351.0,380.2,348.4,377.9
377.9,398.9,377.05,382.75
382.75,400.0,369.7,383.3
383.3,391.5,362.65,366.8
365.0,379.95,354.45,376.0
376.0,381.85,360.55,381.0
381.0,388.6,375.0,387.0
387.0,395.0,387.0,391.45
,,,
,,,
,,,
,,,
,,,
,,,
,,,
,,,
,,,
,,,
,,,
,,,
,,,
,,,
,,,
,,,
,,,
,,,
,,,
,,,
,,,
,,,
,,,
,,,
,,,
,,,
,,,
,,,
,,,
,,,
,,,
,,,
,,,
,,,
,,,
,,,
,,,
,,,
,,,
,,,
,,,
,,,
,,,
,,,
,,,
,,,
,,,
,,,
,,,
,,,
,,,
,,,
,,,
,,,
,,,
,,,
,,,
,,,
,,,
,,,
,,,
,,,
,,,
,,,
,,,
,,,
,,,
,,,
,,,
,,,
,,,
376.25,389.1,339.2,342.5
342.5,354.9,333.85,338.5
339.45,348.95,339.35,342.55
341.55,365.0,340.4,364.9
364.9,384.55,360.8,371.25
371.25,374.3,359.15,362.45
362.45,362.45,350.65,357.65
357.65,365.0,341.6,351.85
351.85,363.7,347.55,349.55
349.55,356.0,344.15,349.9
349.9,356.5,343.25,344.05
344.05,348.55,325.3,336.2
336.2,345.7,330.5,341.15
341.15,341.15,320.0,320.85
320.85,327.95,307.5,310.6
310.6,316.9,297.75,308.45
309.05,324.9,308.9,310.85
310.85,316.45,304.2,315.45
315.45,315.7,292.45,299.0
299.0,302.25,290.0,302.0
302.0,308.9,297.7,306.5
305.55,309.35,296.05,302.1
302.1,303.2,290.55,291.0
291.0,298.0,285.85,292.55
292.55,294.05,275.0,276.0
,,,
,,,
,,,
,,,
,,,
,,,
,,,
,,,
,,,
,,,
,,,
,,,
,,,
,,,
,,,
,,,
,,,
,,,
,,,
,,,
,,,
,,,
,,,
,,,
,,,
,,,
,,,
,,,
,,,
,,,
,,,
,,,
,,,
,,,
,,,
,,,
,,,
,,,
,,,
,,,
,,,
,,,
,,,
,,,
,,,
,,,
,,,
,,,
,,,
,,,
,,,
,,,
,,,
,,,
,,,
,,,
,,,
,,,
,,,
,,,
,,,
,,,
,,,
,,,
,,,
,,,
,,,
,,,
,,,
,,,
,,,
245.1,245.15,222.6,225.45
225.45,234.1,221.5,232.05
232.8,247.8,230.15,236.95
236.95,243.35,231.05,235.25
235.1,237.2,230.1,234.8
234.8,234.8,223.1,227.5
227.5,233.7,225.05,231.6
231.6,238.6,230.95,236.0
236.0,236.0,226.0,226.0
226.0,229.95,221.55,227.0
227.0,230.9,214.0,217.85
217.85,223.75,215.65,222.6
222.0,229.35,221.9,224.25
224.25,229.6,222.4,224.4
224.4,229.25,220.05,224.3
224.3,232.0,221.0,224.05
224.05,226.45,215.15,216.45
216.45,221.0,211.0,220.1
220.0,221.9,209.3,215.0
215.0,219.6,206.7,207.3
207.3,210.6,200.55,200.75
200.75,212.0,193.2,208.9
208.9,225.55,204.65,225.55
226.0,251.15,225.3,250.15
249.75,253.5,236.7,238.5
,,,
,,,
,,,
,,,
,,,
,,,
,,,
,,,
,,,
,,,
,,,
,,,
,,,
,,,
,,,
,,,
,,,
,,,
,,,
,,,
,,,
,,,
,,,
,,,
,,,
,,,
,,,
,,,
,,,
,,,
,,,
,,,
,,,
,,,
,,,
,,,
,,,
,,,
,,,
,,,
,,,
,,,
,,,
,,,
,,,
,,,
,,,
,,,
,,,
,,,
,,,
,,,
,,,
,,,
,,,
,,,
,,,
,,,
,,,
,,,
,,,
,,,
,,,
,,,
,,,
,,,
,,,
,,,
,,,
,,,
,,,
255.0,256.0,221.9,235.0
235.0,259.8,233.15,250.95
250.95,259.2,242.55,242.55
242.55,254.8,238.0,251.85
251.85,251.85,227.5,228.0
227.25,235.35,227.25,233.7
233.6,245.85,232.75,242.0
242.0,254.9,241.1,251.25
250.85,264.2,247.8,261.0
261.0,267.0,256.1,262.5
261.9,279.95,261.9,269.35
269.35,282.95,265.15,279.55
279.55,299.3,278.4,289.95
289.95,292.1,277.2,283.05
283.05,295.2,280.5,290.45
290.55,301.0,286.05,295.6
296.25,299.2,269.55,271.2
271.7,274.8,242.2,249.95
249.6,265.25,247.05,258.1
258.05,266.75,249.2,265.15
265.15,275.25,256.9,262.0
262.0,262.0,252.55,260.8
260.8,272.0,256.4,268.15
268.0,268.0,254.5,257.6
257.6,259.0,251.0,256.9
,,,
,,,
,,,
,,,
,,,
,,,
,,,
,,,
,,,
,,,
,,,
,,,
,,,
,,,
,,,
,,,
,,,
,,,
,,,
,,,
,,,
,,,
,,,
,,,
,,,
,,,
,,,
,,,
,,,
,,,
,,,
,,,
,,,
,,,
,,,
,,,
,,,
,,,
,,,
,,,
,,,
,,,
,,,
,,,
,,,
,,,
,,,
,,,
,,,
,,,
,,,
,,,
,,,
,,,
,,,
,,,
,,,
,,,
,,,
,,,
,,,
,,,
,,,
,,,
,,,
,,,
,,,
,,,
,,,
,,,
,,,
227.5,235.15,207.25,208.0
207.7,214.0,203.0,210.0
209.35,225.05,207.75,211.7
211.9,232.0,208.9,228.2
228.2,242.75,225.75,241.55
242.0,245.0,230.0,234.15
234.15,243.85,227.65,228.95
229.0,233.75,219.55,219.55
219.55,221.45,211.0,218.6
218.6,225.8,214.0,218.85
218.6,222.25,211.05,218.55
218.55,222.5,210.1,214.85
214.65,222.95,214.0,220.35
219.05,225.95,215.35,216.4
216.4,219.7,212.25,217.1
217.1,221.85,214.5,216.1
215.85,215.85,198.7,202.8
202.75,205.8,193.0,201.0
201.55,208.0,196.0,199.85
199.25,203.0,190.0,195.0
195.0,205.9,190.0,200.0
200.0,204.4,191.55,195.6
195.6,204.35,192.35,198.05
198.05,206.0,190.95,193.6
194.05,196.5,177.0,179.0
,,,
,,,
,,,
,,,
,,,
,,,
,,,
,,,
,,,
,,,
,,,
,,,
,,,
,,,
,,,
,,,
,,,
,,,
,,,
,,,
,,,
,,,
,,,
,,,
,,,
,,,
,,,
,,,
,,,
,,,
,,,
,,,
,,,
,,,
,,,
,,,
,,,
,,,
,,,
,,,
,,,
,,,
,,,
,,,
,,,
,,,
,,,
,,,
,,,
,,,
,,,
,,,
,,,
,,,
,,,
,,,
,,,
,,,
,,,
,,,
,,,
,,,
,,,
,,,
,,,
,,,
,,,
,,,
,,,
,,,
,,,
,,,
,,,
,,,
,,,
,,,
,,,
,,,
,,,
,,,
,,,
,,,
,,,
,,,
,,,
,,,
,,,
,,,
,,,
,,,
,,,
,,,
,,,
,,,
,,,
,,,
,,,
,,,
,,,
,,,
,,,
,,,
,,,
,,,
,,,
,,,
,,,
,,,
,,,
,,,
,,,
,,,
,,,
,,,
,,,
,,,
,,,
,,,
,,,
,,,
,,,
,,,
,,,
,,,
,,,
,,,
,,,
,,,
,,,
,,,
,,,
,,,
,,,
,,,
,,,
,,,
,,,
,,,
,,,
,,,
,,,
,,,
,,,
,,,
,,,
,,,
,,,
,,,
,,,
,,,
,,,
,,,
,,,
,,,
,,,
,,,
,,,
,,,
,,,
,,,
,,,
,,,
,,,
,,,
,,,
,,,
,,,
,,,
,,,
,,,
,,,
,,,
,,,
,,,
,,,
,,,
,,,
,,,
,,,
,,,
,,,
,,,
,,,
,,,
,,,
,,,
,,,
,,,
,,,
,,,
,,,
,,,
,,,
,,,
,,,
,,,
,,,
,,,
,,,
,,,
,,,
,,,
,,,
,,,
,,,
,,,
,,,
,,,
,,,
,,,
,,,
,,,
,,,
,,,
,,,
,,,
,,,
,,,
,,,
,,,
,,,
,,,
,,,
,,,
,,,
,,,
,,,
,,,
,,,
,,,
,,,
,,,
,,,
,,,
,,,
,,,
,,,
,,,
,,,
,,,
,,,
,,,
,,,
,,,
,,,
,,,
,,,
,,,
,,,
,,,
,,,
,,,
,,,
,,,
,,,
,,,
,,,
,,,
,,,
,,,
,,,
,,,
,,,
140.0,155.2,122.0,141.95
141.6,147.0,136.95,142.25
142.3,153.45,141.65,150.3
150.5,156.6,145.75,148.55
148.35,150.0,141.45,143.05
143.15,148.9,143.0,148.5
148.6,150.0,145.0,147.8
147.8,147.9,141.0,141.0
141.0,144.35,139.3,142.55
142.55,148.65,140.7,143.25
143.0,145.95,142.1,143.1
143.1,147.9,143.0,144.1
144.1,160.0,142.7,156.0
155.9,164.5,155.9,164.5
165.0,191.7,165.0,186.75
186.75,186.75,171.85,177.5
177.45,202.95,177.2,196.1
196.1,198.75,181.95,183.25
183.0,187.7,174.9,179.2
179.2,191.55,173.8,191.55
191.05,207.2,187.4,189.65
189.75,189.75,173.8,182.0
182.0,193.3,175.35,191.4
191.4,191.4,177.0,187.1
187.25,191.35,178.5,183.15
,,,
,,,
,,,
,,,
,,,
,,,
,,,
,,,
,,,
,,,
,,,
,,,
,,,
,,,
,,,
,,,
,,,
,,,
,,,
,,,
,,,
,,,
,,,
,,,
,,,
,,,
,,,
,,,
,,,
,,,
,,,
,,,
,,,
,,,
,,,
,,,
,,,
,,,
,,,
,,,
,,,
,,,
,,,
,,,
,,,
,,,
,,,
,,,
,,,
,,,
,,,
,,,
,,,
,,,
,,,
,,,
,,,
,,,
,,,
,,,
,,,
,,,
,,,
,,,
,,,
,,,
,,,
,,,
,,,
,,,
,,,
171.2,190.9,157.9,184.25
185.0,195.9,181.65,183.0
183.0,183.0,171.0,173.65
173.65,173.65,151.0,155.75
155.05,156.45,148.45,155.7
155.7,156.55,148.75,150.05
149.75,154.95,143.8,151.25
151.5,158.6,148.75,148.75
148.75,152.35,147.3,150.9
150.9,152.3,145.5,147.05
147.25,149.55,139.35,142.75
142.75,149.4,141.3,147.75
147.75,153.4,147.65,151.1
150.75,160.35,145.25,156.3
156.3,177.15,156.3,177.15
177.6,183.95,167.0,179.8
179.5,193.75,173.8,188.25
188.25,198.8,180.85,189.85
189.6,202.3,185.1,200.0
201.15,215.4,192.8,212.1
212.95,218.7,203.15,217.0
217.0,234.0,210.0,232.2
232.5,238.85,222.45,225.0
224.35,234.0,211.0,230.5
230.5,245.0,230.05,243.0
,,,
,,,
,,,
,,,
,,,
,,,
,,,
,,,
,,,
,,,
,,,
,,,
,,,
,,,
,,,
,,,
,,,
,,,
,,,
,,,
,,,
,,,
,,,
,,,
,,,
,,,
,,,
,,,
,,,
,,,
,,,
,,,
,,,
,,,
,,,
,,,
,,,
,,,
,,,
,,,
,,,
,,,
,,,
,,,
,,,
,,,
,,,
,,,
,,,
,,,
,,,
,,,
,,,
,,,
,,,
,,,
,,,
,,,
,,,
,,,
,,,
,,,
,,,
,,,
,,,
,,,
,,,
,,,
,,,
,,,
,,,
215.05,215.15,193.0,201.1
200.5,210.0,190.6,209.4
208.95,225.0,204.0,217.85
217.5,227.4,207.0,208.15
208.15,208.15,193.3,197.95
197.9,197.95,181.9,186.0
186.0,195.1,184.05,192.0
193.4,194.65,183.95,186.0
186.0,203.5,182.85,199.15
200.0,206.4,194.55,203.0
203.0,211.0,196.7,211.0
211.35,214.9,198.5,200.7
200.7,208.0,191.8,207.5
207.5,210.55,187.0,188.35
188.35,198.2,184.0,184.7
185.05,194.95,180.0,191.3
191.3,196.8,188.75,190.05
190.05,201.85,184.25,193.0
193.0,198.9,186.65,195.75
195.75,200.0,187.0,192.4
192.4,201.0,187.5,197.0
197.0,213.0,197.0,208.15
208.15,215.1,198.7,208.9
209.0,209.5,176.45,177.15
177.35,179.1,167.55,173.35
,,,
,,,
,,,
,,,
,,,
,,,
,,,
,,,
,,,
,,,
,,,
,,,
,,,
,,,
,,,
,,,
,,,
,,,
,,,
,,,
,,,
,,,
,,,
,,,
,,,
,,,
,,,
,,,
,,,
,,,
,,,
,,,
,,,
,,,
,,,
,,,
,,,
,,,
,,,
,,,
,,,
,,,
,,,
,,,
,,,
,,,
,,,
,,,
,,,
,,,
,,,
,,,
,,,
,,,
,,,
,,,
,,,
,,,
,,,
,,,
,,,
,,,
,,,
,,,
,,,
,,,
,,,
,,,
,,,
,,,
,,,
194.0,209.0,186.1,204.5
203.95,205.9,186.8,198.5
198.5,204.5,195.5,199.95
199.0,200.15,190.05,195.85
195.85,196.95,192.15,193.25
193.25,210.75,191.35,205.9
206.0,216.65,206.0,211.45
212.0,225.9,212.0,225.9
226.0,234.0,214.95,221.1
220.7,227.0,215.05,220.0
220.0,224.9,212.65,223.65
223.8,232.35,221.05,225.45
225.45,247.4,224.35,236.4
236.4,253.0,235.7,252.25
253.0,254.75,238.0,243.9
243.9,247.75,212.0,230.0
229.5,244.75,226.8,243.05
243.05,251.85,236.6,240.3
240.3,252.9,231.0,251.15
251.5,259.35,243.6,256.4
256.4,275.95,254.35,265.0
266.0,279.5,258.15,272.0
271.65,275.0,264.15,269.2
270.15,286.5,268.4,280.8
281.3,285.0,273.0,276.05
,,,
,,,
,,,
,,,
,,,
,,,
,,,
,,,
,,,
,,,
,,,
,,,
,,,
,,,
,,,
,,,
,,,
,,,
,,,
,,,
,,,
,,,
,,,
,,,
,,,
,,,
,,,
,,,
,,,
,,,
,,,
,,,
,,,
,,,
,,,
,,,
,,,
,,,
,,,
,,,
,,,
,,,
,,,
,,,
,,,
,,,
,,,
,,,
,,,
,,,
,,,
,,,
,,,
,,,
,,,
,,,
,,,
,,,
,,,
,,,
,,,
,,,
,,,
,,,
,,,
,,,
,,,
,,,
,,,
,,,
,,,
477.0,492.45,417.85,434.95
433.55,444.0,407.45,407.45
408.85,443.4,406.5,431.0
431.0,442.2,421.35,429.0
429.0,437.1,415.2,418.75
418.75,420.6,378.05,391.95
391.95,402.0,386.0,393.7
393.7,419.95,387.0,409.9
409.9,414.35,326.75,356.85
356.85,369.9,342.05,359.0
359.0,390.0,358.6,380.95
380.7,387.15,365.1,383.45
383.45,405.0,379.1,399.0
399.0,410.0,373.0,377.05
377.05,381.7,355.35,376.2
376.2,388.0,366.8,381.85
381.85,387.85,349.45,364.35
361.35,365.0,325.55,339.85
339.85,341.95,297.1,317.4
319.0,321.05,283.5,304.35
304.2,304.2,270.6,291.3
291.9,307.45,280.55,285.1
285.1,285.1,250.0,262.1
262.1,266.35,228.9,239.45
239.1,258.4,235.7,250.0
,,,
,,,
,,,
,,,
,,,
,,,
,,,
,,,
,,,
,,,
,,,
,,,
,,,
,,,
,,,
,,,
,,,
,,,
,,,
,,,
,,,
,,,
,,,
,,,
,,,
,,,
,,,
,,,
,,,
,,,
,,,
,,,
,,,
,,,
,,,
,,,
,,,
,,,
,,,
,,,
,,,
,,,
,,,
,,,
,,,
,,,
,,,
,,,
,,,
,,,
,,,
,,,
,,,
,,,
,,,
,,,
,,,
,,,
,,,
,,,
,,,
,,,
,,,
,,,
,,,
,,,
,,,
,,,
,,,
,,,
,,,
,,,
,,,
,,,
,,,
,,,
,,,
,,,
,,,
,,,
,,,
,,,
,,,
,,,
,,,
,,,
,,,
,,,
,,,
,,,
,,,
,,,
,,,
,,,
,,,
,,,
,,,
,,,
,,,
,,,
,,,
,,,
,,,
,,,
,,,
,,,
,,,
,,,
,,,
,,,
,,,
,,,
,,,
,,,
,,,
,,,
,,,
,,,
,,,
,,,
,,,
,,,
,,,
,,,
,,,
,,,
,,,
,,,
,,,
,,,
,,,
,,,
,,,
,,,
,,,
,,,
,,,
,,,
,,,
,,,
,,,
,,,
,,,
,,,
,,,
,,,
,,,
,,,
,,,
,,,
,,,
,,,
,,,
,,,
,,,
,,,
,,,
,,,
,,,
,,,
,,,
,,,
,,,
,,,
,,,
,,,
,,,
,,,
,,,
,,,
,,,
,,,
,,,
,,,
,,,
,,,
,,,
,,,
,,,
,,,
,,,
,,,
,,,
,,,
,,,
,,,
,,,
,,,
,,,
,,,
,,,
,,,
,,,
,,,
,,,
,,,
,,,
,,,
,,,
,,,
,,,
,,,
,,,
,,,
,,,
,,,
,,,
,,,
,,,
,,,
,,,
,,,
,,,
,,,
,,,
,,,
,,,
,,,
,,,
,,,
,,,
,,,
,,,
,,,
,,,
,,,
,,,
,,,
,,,
,,,
,,,
,,,
,,,
,,,
,,,
,,,
,,,
,,,
,,,
,,,
,,,
,,,
,,,
,,,
,,,
,,,
,,,
,,,
,,,
,,,
,,,
,,,
,,,
,,,
,,,
,,,
,,,
,,,
,,,
,,,
,,,
,,,
,,,
259.95,294.85,259.95,282.75
282.75,314.0,282.75,294.15
294.15,308.65,283.1,308.55
308.55,313.1,298.6,311.85
311.85,346.7,311.85,345.0
345.0,367.75,344.5,354.1
353.8,368.45,346.05,360.7
360.7,390.5,353.7,384.0
384.0,398.65,381.65,396.75
397.2,401.35,370.35,375.95
375.95,399.9,371.2,392.2
392.2,414.45,386.25,410.5
410.5,412.55,400.0,403.85
401.5,402.8,383.85,393.0
393.0,405.7,372.6,384.5
384.5,396.85,373.85,379.15
379.15,379.65,354.3,356.1
356.1,381.5,343.55,368.4
368.4,375.4,344.75,350.15
349.85,349.85,322.8,333.6
333.6,333.6,291.2,295.0
294.4,351.0,294.3,335.6
335.6,335.95,285.45,287.45
288.95,332.35,287.5,319.35
318.0,328.7,307.3,310.8
,,,
,,,
,,,
,,,
,,,
,,,
,,,
,,,
,,,
,,,
,,,
,,,
,,,
,,,
,,,
,,,
,,,
,,,
,,,
,,,
,,,
,,,
,,,
,,,
,,,
,,,
,,,
,,,
,,,
,,,
,,,
,,,
,,,
,,,
,,,
,,,
,,,
,,,
,,,
,,,
,,,
,,,
,,,
,,,
,,,
,,,
,,,
,,,
,,,
,,,
,,,
,,,
,,,
,,,
,,,
,,,
,,,
,,,
,,,
,,,
,,,
,,,
,,,
,,,
,,,
,,,
,,,
,,,
,,,
,,,
,,,
201.1,204.35,169.0,194.4
194.25,205.0,184.8,201.45
200.95,212.35,198.1,211.6
211.15,217.0,202.8,208.3
208.3,217.4,205.0,211.4
211.4,211.6,190.35,199.9
199.9,204.65,189.3,190.45
191.3,206.9,189.95,204.15
204.25,205.1,194.05,203.1
203.1,232.4,203.1,229.5
229.5,234.85,216.95,220.6
220.6,244.0,213.55,237.95
236.55,266.05,236.55,243.45
242.65,265.3,242.65,251.05
251.05,259.8,225.25,238.0
239.0,313.95,239.0,306.3
306.0,393.75,306.0,343.65
343.65,392.85,341.9,346.65
346.5,346.5,298.7,317.5
314.5,329.95,287.3,306.2
306.2,318.35,257.55,262.05
262.6,283.15,240.95,277.1
276.8,285.75,251.35,261.35
259.65,264.35,241.85,257.55
256.1,267.0,253.2,265.0
,,,
,,,
,,,
,,,
,,,
,,,
,,,
,,,
,,,
,,,
,,,
,,,
,,,
,,,
,,,
,,,
,,,
,,,
,,,
,,,
,,,
,,,
,,,
,,,
,,,
,,,
,,,
,,,
,,,
,,,
,,,
,,,
,,,
,,,
,,,
,,,
,,,
,,,
,,,
,,,
,,,
,,,
,,,
,,,
,,,
,,,
,,,
,,,
,,,
,,,
,,,
,,,
,,,
,,,
,,,
,,,
,,,
,,,
,,,
,,,
,,,
,,,
,,,
,,,
,,,
,,,
,,,
,,,
,,,
,,,
,,,
291.5,313.25,269.7,285.95
285.95,290.9,242.1,255.4
255.4,269.35,250.45,254.2
254.5,259.95,235.1,246.65
246.0,286.95,243.85,273.1
273.1,291.65,258.2,283.65
283.65,288.7,264.7,281.75
281.45,286.9,266.05,273.85
273.85,278.0,255.65,265.1
265.1,285.0,249.4,272.95
272.95,272.95,236.25,249.8
249.8,259.8,240.0,244.35
244.35,244.8,228.0,240.0
240.5,244.5,221.1,236.7
235.75,251.35,223.2,226.35
226.35,230.35,218.6,224.95
224.95,230.0,208.3,226.05
226.05,243.9,225.15,231.75
231.75,235.7,221.0,230.0
230.0,238.4,215.45,237.95
238.8,246.1,225.8,232.45
232.55,256.0,227.25,245.9
246.5,277.85,246.5,269.4
270.9,285.95,258.05,273.4
273.4,283.8,268.65,276.0
,,,
,,,
,,,
,,,
,,,
,,,
,,,
,,,
,,,
,,,
,,,
,,,
,,,
,,,
,,,
,,,
,,,
,,,
,,,
,,,
,,,
,,,
,,,
,,,
,,,
,,,
,,,
,,,
,,,
,,,
,,,
,,,
,,,
,,,
,,,
,,,
,,,
,,,
,,,
,,,
,,,
,,,
,,,
,,,
,,,
,,,
,,,
,,,
,,,
,,,
,,,
,,,
,,,
,,,
,,,
,,,
,,,
,,,
,,,
,,,
,,,
,,,
,,,
,,,
,,,
,,,
,,,
,,,
,,,
,,,
,,,
280.8,289.8,254.25,263.9
263.9,275.95,257.15,262.3
262.0,267.7,242.35,248.15
246.5,252.0,239.8,241.35
241.0,241.25,226.9,235.2
235.2,243.95,230.0,241.9
241.9,249.45,238.05,247.7
245.55,247.65,232.7,237.25
237.55,239.0,223.3,224.35
223.9,228.6,214.1,224.75
224.75,229.75,207.4,207.85
206.5,206.85,186.55,190.75
191.4,200.95,180.0,191.9
192.75,204.95,188.4,190.1
190.1,190.1,174.15,174.75
174.7,188.25,174.05,188.25
188.75,188.75,167.0,171.85
171.85,177.3,159.85,168.9
168.4,169.8,158.0,162.95
162.95,170.1,144.05,144.75
144.7,146.15,130.1,141.65
142.0,154.5,134.2,153.0
152.95,154.15,137.75,137.75
137.75,144.35,128.0,141.8
141.9,143.75,135.5,139.7
,,,
,,,
,,,
,,,
,,,
,,,
,,,
,,,
,,,
,,,
,,,
,,,
,,,
,,,
,,,
,,,
,,,
,,,
,,,
,,,
,,,
,,,
,,,
,,,
,,,
,,,
,,,
,,,
,,,
,,,
,,,
,,,
,,,
,,,
,,,
,,,
,,,
,,,
,,,
,,,
,,,
,,,
,,,
,,,
,,,
,,,
,,,
,,,
,,,
,,,
,,,
,,,
,,,
,,,
,,,
,,,
,,,
,,,
,,,
,,,
,,,
,,,
,,,
,,,
,,,
,,,
,,,
,,,
,,,
,,,
,,,
139.9,139.9,102.2,105.1
105.1,135.25,105.1,133.05
133.1,135.0,118.55,126.85
127.05,129.75,109.8,114.55
114.55,129.8,114.15,122.45
122.45,123.3,112.15,121.0
120.5,133.75,113.7,116.6
116.95,123.4,107.3,111.65
111.9,115.3,98.0,100.5
99.85,102.0,94.8,97.75
97.6,100.55,89.4,89.65
89.3,93.05,86.0,90.45
90.1,94.95,88.3,90.0
90.0,97.85,89.65,90.9
90.9,96.55,89.5,94.45
94.5,108.0,94.0,99.35
99.15,103.55,91.25,93.2
94.0,98.5,85.15,93.75
93.5,95.35,88.45,89.2
89.25,102.6,88.15,91.6
92.0,93.75,86.25,87.75
87.05,87.05,75.8,76.35
76.0,76.0,66.8,69.9
70.2,72.95,63.6,65.2
65.3,67.95,60.0,61.0
,,,
,,,
,,,
,,,
,,,
,,,
,,,
,,,
,,,
,,,
,,,
,,,
,,,
,,,
,,,
,,,
,,,
,,,
,,,
,,,
,,,
,,,
,,,
,,,
,,,
,,,
,,,
,,,
,,,
,,,
,,,
,,,
,,,
,,,
,,,
,,,
,,,
,,,
,,,
,,,
,,,
,,,
,,,
,,,
,,,
,,,
,,,
,,,
,,,
,,,
,,,
,,,
,,,
,,,
,,,
,,,
,,,
,,,
,,,
,,,
,,,
,,,
,,,
,,,
,,,
,,,
,,,
,,,
,,,
,,,
,,,
,,,
,,,
,,,
,,,
,,,
,,,
,,,
,,,
,,,
,,,
,,,
,,,
,,,
,,,
,,,
,,,
,,,
,,,
,,,
,,,
,,,
,,,
,,,
,,,
,,,
,,,
,,,
,,,
,,,
,,,
,,,
,,,
,,,
,,,
,,,
,,,
,,,
,,,
,,,
,,,
,,,
,,,
,,,
,,,
,,,
,,,
,,,
,,,
,,,
,,,
,,,
,,,
,,,
,,,
,,,
,,,
,,,
,,,
,,,
,,,
,,,
,,,
,,,
,,,
,,,
,,,
,,,
,,,
,,,
,,,
,,,
,,,
,,,
,,,
,,,
,,,
,,,
,,,
,,,
,,,
,,,
,,,
,,,
,,,
,,,
,,,
,,,
,,,
,,,
,,,
,,,
,,,
,,,
,,,
,,,
,,,
,,,
,,,
,,,
,,,
,,,
,,,
,,,
,,,
,,,
,,,
,,,
,,,
,,,
,,,
,,,
,,,
,,,
,,,
,,,
,,,
,,,
,,,
,,,
,,,
,,,
,,,
,,,
,,,
,,,
,,,
,,,
,,,
,,,
,,,
,,,
,,,
,,,
,,,
,,,
,,,
,,,
,,,
,,,
,,,
,,,
,,,
,,,
,,,
,,,
,,,
,,,
,,,
,,,
,,,
,,,
,,,
,,,
,,,
,,,
,,,
,,,
,,,
,,,
,,,
,,,
,,,
,,,
,,,
,,,
,,,
,,,
,,,
,,,
,,,
,,,
,,,
,,,
,,,
,,,
,,,
,,,
,,,
,,,
,,,
,,,
,,,
,,,
,,,
,,,
,,,
,,,
,,,
,,,
,,,
,,,
,,,
53.75,53.75,40.0,43.4
43.0,43.0,38.8,39.85
39.95,44.05,36.25,41.5
41.55,42.5,38.2,42.35
42.25,44.6,37.85,41.15
41.25,45.8,40.15,45.0
45.1,47.5,42.1,44.6
44.4,44.4,38.8,42.9
42.85,45.65,39.3,43.1
43.25,49.85,43.25,46.7
46.6,48.65,43.0,45.25
45.4,48.0,43.55,44.3
44.1,44.2,38.3,40.15
39.9,42.85,37.35,37.8
37.5,38.0,33.5,34.7
34.65,37.75,33.65,37.0
37.0,37.6,33.05,34.85
35.0,36.75,33.75,35.85
36.05,37.4,34.0,36.7
36.7,36.7,29.0,29.75
29.75,31.65,28.1,30.9
30.85,32.35,28.8,29.25
29.25,35.7,29.2,35.05
35.15,41.75,32.9,33.55
33.25,34.7,28.55,29.0
,,,
,,,
,,,
,,,
,,,
,,,
,,,
,,,
,,,
,,,
,,,
,,,
,,,
,,,
,,,
,,,
,,,
,,,
,,,
,,,
,,,
,,,
,,,
,,,
,,,
,,,
,,,
,,,
,,,
,,,
,,,
,,,
,,,
,,,
,,,
,,,
,,,
,,,
,,,
,,,
,,,
,,,
,,,
,,,
,,,
,,,
,,,
,,,
,,,
,,,
,,,
,,,
,,,
,,,
,,,
,,,
,,,
,,,
,,,
,,,
,,,
,,,
,,,
,,,
,,,
,,,
,,,
,,,
,,,
,,,
,,,
20.0,27.2,19.95,23.6
23.6,24.15,21.65,23.75
23.5,28.25,22.6,25.15
25.1,25.1,21.65,21.65
21.65,21.75,18.8,21.05
21.05,21.05,19.6,20.3
20.2,22.55,20.1,21.2
21.2,22.05,19.85,21.8
21.8,23.35,20.8,22.25
22.25,22.95,20.1,20.8
20.85,20.85,18.65,19.75
19.8,20.35,18.25,19.25
19.25,20.2,18.35,19.2
19.45,20.05,15.8,16.6
16.55,16.55,15.05,15.6
15.75,16.25,14.35,15.15
15.1,15.8,13.85,14.35
14.45,15.45,13.55,15.4
15.3,16.0,13.5,13.95
13.85,14.15,12.4,12.95
12.95,13.9,11.3,11.9
12.0,12.75,10.75,11.2
11.15,11.25,10.2,10.6
10.6,10.9,9.25,9.75
9.75,10.0,5.95,9.7
,,,
,,,
,,,
,,,
,,,
,,,
,,,
,,,
,,,
,,,
,,,
,,,
,,,
,,,
,,,
,,,
,,,
,,,
,,,
,,,
,,,
,,,
,,,
,,,
,,,
,,,
,,,
,,,
,,,
,,,
,,,
,,,
,,,
,,,
,,,
,,,
,,,
,,,
,,,
,,,
,,,
,,,
,,,
,,,
,,,
,,,
,,,
,,,
,,,
,,,
,,,
,,,
,,,
,,,
,,,
,,,
,,,
,,,
,,,
,,,
,,,
,,,
,,,
,,,
,,,
,,,
,,,
,,,
,,,
,,,
,,,
4.65,7.75,4.4,6.0
6.0,6.45,5.6,6.05
6.05,6.35,5.85,5.9
5.9,6.0,5.0,5.1
5.1,5.35,5.0,5.3
5.3,6.2,5.15,5.95
5.9,8.45,5.9,8.45
8.45,8.75,6.55,7.3
7.35,7.65,6.4,6.95
6.95,8.3,6.85,7.75
7.7,7.9,6.8,7.0
7.05,7.05,5.3,5.6
5.6,5.85,4.65,5.15
5.15,5.6,5.0,5.25
5.25,5.3,4.65,5.15
5.15,7.75,5.05,7.7
7.65,8.75,6.65,7.65
7.7,8.95,7.15,8.3
8.25,9.3,6.8,6.85
6.95,7.65,4.55,6.15
6.05,6.45,4.6,5.6
5.55,8.6,4.8,7.5
7.45,8.9,6.35,7.55
7.6,10.3,6.1,9.3
9.25,9.9,8.3,9.1
,,,
,,,
,,,
,,,
,,,
,,,
,,,
,,,
,,,
,,,
,,,
,,,
,,,
,,,
,,,
,,,
,,,
,,,
,,,
,,,
,,,
,,,
,,,
,,,
,,,
,,,
,,,
,,,
,,,
,,,
,,,
,,,
,,,
,,,
,,,
,,,
,,,
,,,
,,,
,,,
,,,
,,,
,,,
,,,
,,,
,,,
,,,
,,,
,,,
,,,
,,,
,,,
,,,
,,,
,,,
,,,
,,,
,,,
,,,
,,,
,,,
,,,
,,,
,,,
,,,
,,,
,,,
,,,
,,,
,,,
,,,
8.9,10.0,4.65,5.1
5.0,5.1,2.2,2.4
2.4,2.9,1.8,2.1
2.1,2.75,2.1,2.5
2.5,2.55,1.55,1.6
1.6,1.85,1.3,1.7
1.7,1.85,1.35,1.4
1.4,1.45,1.05,1.2
1.25,1.75,1.15,1.55
1.55,1.6,1.2,1.4
1.4,2.0,1.3,1.9
1.9,2.2,1.5,1.9
1.95,2.15,1.15,1.15
1.25,1.75,1.05,1.7
1.7,2.1,1.3,1.4
1.45,1.65,0.85,0.9
0.85,1.2,0.7,0.8
0.8,0.8,0.35,0.4
0.4,0.55,0.35,0.45
0.5,0.5,0.3,0.3
0.35,0.35,0.2,0.2
0.25,0.3,0.15,0.15
0.15,0.2,0.1,0.1
0.1,0.2,0.05,0.05
0.05,0.1,0.05,0.05
